{
  "air_force_bullet": {
    "sounds": [
      "suits/air_force_bullet"
    ],
    "category": "player"
  },
  "air_force_open": {
    "sounds": [
      "suits/air_force_open"
    ],
    "category": "player"
  },
  "black_whip": {
    "sounds": [
      "suits/black_whip"
    ],
    "category": "player"
  },
  "danger_sense": {
    "sounds": [
      "suits/danger_sense"
    ],
    "category": "player"
  },
  "fa_jin_activate": {
    "sounds": [
      "suits/fa_jin_activate"
    ],
    "category": "player"
  },
  "full_cowl_idle": {
    "sounds": [
      "suits/full_cowl_idle"
    ],
    "category": "player"
  },
  "full_cowl_start": {
    "sounds": [
      "suits/full_cowl_start"
    ],
    "category": "player"
  },
  "one_for_all_charge": {
    "sounds": [
      "suits/one_for_all_charge"
    ],
    "category": "player"
  },
  "one_for_all_charge_old": {
    "sounds": [
      "suits/one_for_all_charge_old"
    ],
    "category": "player"
  },
  "one_for_all_jump": {
    "sounds": [
      "suits/one_for_all_jump"
    ],
    "category": "player"
  },
  "one_for_all_speedboost": {
    "sounds": [
      "suits/one_for_all_speedboost"
    ],
    "category": "player"
  },
  "smokescreen": {
    "sounds": [
      "suits/smokescreen"
    ],
    "category": "player"
  }
}